Month of the Year,Raw Material,Packaging Material,Energy Consumption,Waste in Transportation,Inflation,Disposable Income,Production,Sold
1.0,162170.0,31977.0,342613.0,28551.0,0.05,4177.0,1142042.0,38315.0
2.0,249466.0,49190.0,527041.0,43920.0,0.04,3623.0,1756802.0,402525.0
3.0,202309.0,39892.0,427414.0,35618.0,0.03,3431.0,1424714.0,451577.0
4.0,155694.0,30700.0,328932.0,27411.0,0.02,2874.0,1096439.0,678557.0
5.0,179314.0,35358.0,378833.0,31569.0,0.01,2666.0,1262777.0,1258730.0
6.0,211563.0,41717.0,446964.0,37247.0,0.01,2157.0,1489879.0,1304335.0
7.0,212655.0,41932.0,449271.0,37439.0,0.03,3971.0,1497570.0,881714.0
8.0,199141.0,39267.0,420721.0,35060.0,0.03,2745.0,1402402.0,697589.0
9.0,174710.0,34450.0,369105.0,30759.0,0.03,2278.0,1230349.0,480208.0
10.0,188036.0,37078.0,397260.0,33105.0,0.02,2704.0,1324200.0,791815.0
11.0,266498.0,52549.0,563024.0,46919.0,0.03,2569.0,1876748.0,572508.0
12.0,167377.0,33004.0,353614.0,29468.0,0.05,3196.0,1178713.0,75139.0
1.0,142022.0,28004.0,300046.0,25004.0,0.04,4110.0,1000154.0,169227.0
2.0,215221.0,42438.0,454692.0,37891.0,0.03,4545.0,1515640.0,606387.0
3.0,170826.0,33684.0,360900.0,30075.0,0.04,3630.0,1203000.0,324564.0
4.0,249948.0,49285.0,528058.0,44005.0,0.05,4374.0,1760195.0,79601.0
5.0,278661.0,54947.0,588720.0,49060.0,0.04,3220.0,1962401.0,574550.0
6.0,247296.0,48763.0,522457.0,43538.0,0.03,4715.0,1741523.0,1030850.0
7.0,280556.0,55321.0,592723.0,49394.0,0.02,2230.0,1975743.0,1454010.0
8.0,247070.0,48718.0,521979.0,43498.0,0.01,4773.0,1739929.0,1457439.0
9.0,272725.0,53777.0,576180.0,48015.0,0.04,2555.0,1920600.0,333477.0
10.0,245624.0,48433.0,518923.0,43244.0,0.03,3483.0,1729744.0,429691.0
11.0,202678.0,39965.0,428193.0,35683.0,0.03,2082.0,1427311.0,505858.0
12.0,250401.0,49375.0,529017.0,44085.0,0.01,3266.0,1763390.0,1674522.0
1.0,234596.0,46258.0,495625.0,41302.0,0.02,4561.0,1652084.0,952113.0
2.0,214127.0,42222.0,452382.0,37698.0,0.02,4730.0,1507940.0,807004.0
3.0,272609.0,53754.0,575934.0,47994.0,0.04,2303.0,1919780.0,322591.0
4.0,173318.0,34175.0,366165.0,30514.0,0.04,2676.0,1220549.0,151713.0
5.0,254804.0,50243.0,538319.0,44860.0,0.04,3568.0,1794396.0,504081.0
6.0,272470.0,53726.0,575641.0,47970.0,0.04,3974.0,1918802.0,452045.0
7.0,158161.0,31187.0,334144.0,27845.0,0.01,3566.0,1113813.0,903100.0
8.0,229598.0,45273.0,485067.0,40422.0,0.02,3802.0,1616889.0,1256520.0
9.0,238617.0,47051.0,504121.0,42010.0,0.03,2144.0,1680404.0,436946.0
10.0,184451.0,36371.0,389685.0,32474.0,0.01,4427.0,1298951.0,1023013.0
11.0,235467.0,46430.0,497466.0,41456.0,0.02,2691.0,1658221.0,848002.0
12.0,245225.0,48354.0,518080.0,43173.0,0.01,2636.0,1726935.0,1458231.0
1.0,268987.0,53040.0,568282.0,47357.0,0.04,4178.0,1894275.0,498108.0
2.0,145764.0,28742.0,307952.0,25663.0,0.03,2188.0,1026505.0,311846.0
3.0,147218.0,29029.0,311023.0,25919.0,0.02,3084.0,1036744.0,638241.0
4.0,146040.0,28797.0,308536.0,25711.0,0.03,2690.0,1028452.0,248793.0
5.0,173841.0,34278.0,367270.0,30606.0,0.05,2473.0,1224232.0,53943.0
6.0,208415.0,41096.0,440313.0,36693.0,0.01,4184.0,1467709.0,1379748.0
7.0,280344.0,55279.0,592277.0,49356.0,0.01,4978.0,1974257.0,1974257.0
8.0,266104.0,52471.0,562191.0,46849.0,0.02,2797.0,1873969.0,1301257.0
9.0,192346.0,37927.0,406365.0,33864.0,0.04,2491.0,1354550.0,176218.0
10.0,181887.0,35865.0,384268.0,32022.0,0.03,3559.0,1280892.0,529120.0
11.0,146816.0,28950.0,310174.0,25848.0,0.04,4878.0,1033913.0,256910.0
12.0,204708.0,40365.0,432481.0,36040.0,0.04,4829.0,1441603.0,406360.0
1.0,256368.0,50552.0,541623.0,45135.0,0.03,4196.0,1805411.0,464265.0
2.0,278660.0,54947.0,588719.0,49060.0,0.02,3862.0,1962396.0,1436437.0
3.0,237155.0,46763.0,501032.0,41753.0,0.01,3811.0,1670105.0,845319.0
4.0,235230.0,46383.0,496964.0,41414.0,0.01,4184.0,1656546.0,1265915.0
5.0,255864.0,50452.0,540557.0,45046.0,0.02,3849.0,1801858.0,1513167.0
6.0,269021.0,53046.0,568354.0,47363.0,0.02,4761.0,1894512.0,1554822.0
7.0,267393.0,52725.0,564915.0,47076.0,0.03,2347.0,1883049.0,840463.0
8.0,170446.0,33609.0,360098.0,30008.0,0.04,4426.0,1200325.0,324684.0
9.0,201733.0,39778.0,426196.0,35516.0,0.05,4255.0,1420654.0,69822.0
10.0,177037.0,34909.0,374022.0,31168.0,0.02,2080.0,1246740.0,474386.0
11.0,253560.0,49998.0,535691.0,44641.0,0.04,3727.0,1785636.0,517668.0
12.0,233613.0,46065.0,493549.0,41129.0,0.05,4443.0,1645162.0,118744.0
1.0,251606.0,49612.0,531562.0,44297.0,0.03,3631.0,1771874.0,590837.0
2.0,199659.0,39369.0,421815.0,35151.0,0.04,2339.0,1406049.0,315358.0
3.0,161004.0,31747.0,340149.0,28346.0,0.04,2384.0,1133829.0,243177.0
4.0,164647.0,32466.0,347846.0,28987.0,0.05,4786.0,1159487.0,54099.0
5.0,223235.0,44018.0,471623.0,39302.0,0.02,3415.0,1572078.0,1295172.0
6.0,174087.0,34327.0,367790.0,30649.0,0.03,2636.0,1225965.0,665095.0
7.0,185073.0,36493.0,390999.0,32583.0,0.04,3829.0,1303329.0,367447.0
8.0,254055.0,50095.0,536736.0,44728.0,0.05,4541.0,1789119.0,102451.0
9.0,199474.0,39333.0,421424.0,35119.0,0.05,3837.0,1404745.0,78531.0
10.0,232513.0,45848.0,491224.0,40935.0,0.05,2975.0,1637414.0,86475.0
11.0,259175.0,51105.0,547552.0,45629.0,0.01,4268.0,1825173.0,1365892.0
12.0,220617.0,43502.0,466093.0,38841.0,0.03,2432.0,1553643.0,803266.0
1.0,227767.0,44912.0,481197.0,40100.0,0.03,2370.0,1603991.0,542371.0
2.0,246174.0,48541.0,520086.0,43340.0,0.05,3980.0,1733620.0,53739.0
3.0,148105.0,29204.0,312898.0,26075.0,0.02,2227.0,1042992.0,458236.0
4.0,165692.0,32672.0,350053.0,29171.0,0.03,3317.0,1166843.0,330071.0
5.0,194319.0,38316.0,410533.0,34211.0,0.03,3775.0,1368443.0,590875.0
6.0,173449.0,34201.0,366441.0,30537.0,0.02,3165.0,1221469.0,778699.0
7.0,230229.0,45397.0,486400.0,40533.0,0.05,3823.0,1621332.0,110592.0
8.0,181815.0,35851.0,384116.0,32010.0,0.04,3730.0,1280386.0,310780.0
9.0,256442.0,50566.0,541780.0,45148.0,0.02,2275.0,1805932.0,1082416.0
10.0,149136.0,29407.0,315077.0,26256.0,0.05,2613.0,1050257.0,53357.0
11.0,207925.0,40999.0,439278.0,36606.0,0.02,2011.0,1464260.0,976376.0
12.0,148899.0,29360.0,314576.0,26215.0,0.02,2644.0,1048586.0,674599.0
1.0,177747.0,35049.0,375523.0,31294.0,0.04,2912.0,1251742.0,315058.0
2.0,213103.0,42020.0,450218.0,37518.0,0.02,3320.0,1500728.0,760051.0
3.0,195709.0,38591.0,413470.0,34456.0,0.01,4835.0,1378233.0,1329889.0
4.0,203017.0,40032.0,428910.0,35742.0,0.03,3175.0,1429700.0,697319.0
5.0,222287.0,43831.0,469620.0,39135.0,0.04,4945.0,1565400.0,439847.0
6.0,159302.0,31412.0,336554.0,28046.0,0.04,2190.0,1121845.0,242593.0
7.0,175069.0,34521.0,369865.0,30822.0,0.01,3392.0,1232883.0,1179528.0
8.0,192263.0,37911.0,406190.0,33849.0,0.05,3508.0,1353968.0,68064.0
9.0,266977.0,52643.0,564037.0,47003.0,0.04,3460.0,1880123.0,321908.0
10.0,268695.0,52982.0,567665.0,47305.0,0.04,2420.0,1892216.0,469614.0
11.0,205192.0,40460.0,433503.0,36125.0,0.01,2379.0,1445011.0,926345.0
12.0,181313.0,35752.0,383056.0,31921.0,0.05,4133.0,1276853.0,78905.0
1.0,153786.0,30324.0,324901.0,27075.0,0.04,3020.0,1083003.0,256575.0
2.0,278331.0,54882.0,588023.0,49002.0,0.03,2114.0,1960077.0,412861.0
3.0,218971.0,43177.0,462615.0,38551.0,0.04,3059.0,1542049.0,223646.0
4.0,170441.0,33608.0,360086.0,30007.0,0.02,4384.0,1200288.0,529601.0
5.0,210775.0,41561.0,445299.0,37108.0,0.04,2008.0,1484331.0,416009.0
6.0,230306.0,45413.0,486563.0,40547.0,0.04,2143.0,1621876.0,438498.0
7.0,232652.0,45875.0,491519.0,40960.0,0.03,2298.0,1638397.0,785242.0
8.0,217651.0,42917.0,459826.0,38319.0,0.03,4085.0,1532752.0,862570.0
9.0,180530.0,35598.0,381402.0,31784.0,0.04,3830.0,1271340.0,252670.0
10.0,191846.0,37829.0,405308.0,33776.0,0.01,3663.0,1351026.0,1028049.0
11.0,262638.0,51788.0,554870.0,46239.0,0.02,2452.0,1849566.0,946782.0
12.0,170572.0,33634.0,360364.0,30030.0,0.04,4472.0,1201214.0,323968.0
1.0,243298.0,47974.0,514009.0,42834.0,0.03,4055.0,1713364.0,908443.0
2.0,144228.0,28439.0,304707.0,25392.0,0.03,3446.0,1015691.0,504788.0
3.0,225915.0,44547.0,477286.0,39774.0,0.02,2352.0,1590954.0,1006180.0
4.0,203342.0,40096.0,429595.0,35800.0,0.01,3048.0,1431983.0,769520.0
5.0,194665.0,38385.0,411263.0,34272.0,0.04,3647.0,1370878.0,333355.0
6.0,175431.0,34592.0,370630.0,30886.0,0.02,2637.0,1235432.0,949761.0
7.0,179804.0,35454.0,379868.0,31656.0,0.04,3906.0,1266227.0,296929.0
8.0,243847.0,48083.0,515170.0,42931.0,0.03,2709.0,1717235.0,908027.0
9.0,207473.0,40910.0,438323.0,36527.0,0.03,2151.0,1461076.0,330559.0
10.0,173988.0,34308.0,367581.0,30632.0,0.03,2626.0,1225271.0,298289.0
11.0,216729.0,42735.0,457879.0,38157.0,0.04,2866.0,1526263.0,371510.0
12.0,249961.0,49288.0,528086.0,44007.0,0.02,2205.0,1760286.0,935658.0
1.0,276357.0,54493.0,583852.0,48654.0,0.03,4686.0,1946175.0,950664.0
2.0,282471.0,55698.0,596769.0,49731.0,0.02,2314.0,1989231.0,905807.0
3.0,208472.0,41107.0,440434.0,36703.0,0.02,3136.0,1468113.0,817286.0
4.0,165307.0,32596.0,349240.0,29103.0,0.01,4405.0,1164134.0,1164134.0
5.0,181119.0,35714.0,382647.0,31887.0,0.05,2733.0,1275489.0,59670.0
6.0,283633.0,55928.0,599226.0,49935.0,0.02,4293.0,1997419.0,1490482.0
7.0,227705.0,44900.0,481067.0,40089.0,0.03,4841.0,1603558.0,751489.0
8.0,200147.0,39466.0,422846.0,35237.0,0.03,2965.0,1409488.0,582979.0
9.0,151445.0,29862.0,319954.0,26663.0,0.01,2769.0,1066515.0,780305.0
10.0,218211.0,43027.0,461008.0,38417.0,0.03,3316.0,1536694.0,613600.0
11.0,157320.0,31021.0,332366.0,27697.0,0.05,4271.0,1107888.0,49684.0
12.0,151972.0,29966.0,321068.0,26756.0,0.04,2874.0,1070227.0,248184.0
1.0,193969.0,38247.0,409794.0,34150.0,0.03,4039.0,1365981.0,659286.0
2.0,236224.0,46579.0,499064.0,41589.0,0.04,3358.0,1663547.0,444919.0
3.0,260635.0,51393.0,550637.0,45886.0,0.02,4967.0,1835457.0,687662.0
4.0,209177.0,41246.0,441923.0,36827.0,0.04,3907.0,1473077.0,302709.0
5.0,243015.0,47918.0,513411.0,42784.0,0.04,4454.0,1711370.0,581922.0
6.0,265343.0,52321.0,560585.0,46715.0,0.03,4285.0,1868616.0,1095493.0
7.0,153996.0,30365.0,325344.0,27112.0,0.02,2647.0,1084479.0,753882.0
8.0,180993.0,35689.0,382379.0,31865.0,0.04,2588.0,1274598.0,354749.0
9.0,179045.0,35305.0,378264.0,31522.0,0.05,3402.0,1260879.0,41991.0
10.0,282407.0,55686.0,596634.0,49719.0,0.05,4475.0,1988779.0,61529.0
11.0,180571.0,35605.0,381487.0,31791.0,0.01,4195.0,1271624.0,795249.0
12.0,221745.0,43724.0,468476.0,39040.0,0.03,4536.0,1561586.0,738339.0
1.0,150020.0,29581.0,316944.0,26412.0,0.02,4920.0,1056481.0,694099.0
2.0,163738.0,32286.0,345925.0,28827.0,0.04,4158.0,1153082.0,292646.0
3.0,169101.0,33344.0,357256.0,29771.0,0.04,4892.0,1190855.0,335511.0
4.0,269209.0,53083.0,568750.0,47396.0,0.02,2651.0,1895835.0,1237580.0
5.0,177502.0,35000.0,375004.0,31250.0,0.03,2607.0,1250012.0,491967.0
6.0,161820.0,31908.0,341872.0,28489.0,0.02,2242.0,1139575.0,605678.0
7.0,277847.0,54787.0,587002.0,48917.0,0.03,3915.0,1956672.0,1033732.0
8.0,251739.0,49639.0,531844.0,44320.0,0.04,2815.0,1772812.0,421700.0
9.0,225988.0,44561.0,477439.0,39787.0,0.01,4296.0,1591464.0,1247633.0
10.0,175856.0,34676.0,371526.0,30960.0,0.03,4360.0,1238420.0,480505.0
11.0,265944.0,52440.0,561854.0,46821.0,0.03,2975.0,1872848.0,678460.0
12.0,251690.0,49629.0,531740.0,44312.0,0.05,4268.0,1772468.0,121849.0
1.0,182359.0,35958.0,385264.0,32105.0,0.05,3007.0,1284215.0,60366.0
2.0,205197.0,40461.0,433515.0,36126.0,0.03,4216.0,1445050.0,754233.0
3.0,148293.0,29241.0,313296.0,26108.0,0.04,3844.0,1044319.0,303308.0
4.0,171841.0,33884.0,363045.0,30254.0,0.04,2964.0,1210149.0,239688.0
5.0,213895.0,42177.0,451891.0,37658.0,0.01,3829.0,1506304.0,1506304.0
6.0,169079.0,33339.0,357208.0,29767.0,0.02,4307.0,1190695.0,847812.0
7.0,154888.0,30541.0,327229.0,27269.0,0.04,4188.0,1090764.0,304815.0
8.0,144364.0,28466.0,304994.0,25416.0,0.02,3935.0,1016646.0,661083.0
9.0,185262.0,36530.0,391398.0,32616.0,0.02,4276.0,1304659.0,1020965.0
10.0,161969.0,31938.0,342188.0,28516.0,0.02,4107.0,1140626.0,627762.0
11.0,223070.0,43986.0,471274.0,39273.0,0.04,4177.0,1570912.0,465184.0
12.0,201418.0,39716.0,425531.0,35461.0,0.02,2448.0,1418437.0,1035202.0
1.0,219486.0,43279.0,463704.0,38642.0,0.04,3689.0,1545679.0,373082.0
2.0,150806.0,29736.0,318603.0,26550.0,0.05,3747.0,1062011.0,41320.0
3.0,195442.0,38538.0,412905.0,34409.0,0.01,4499.0,1376351.0,892715.0
4.0,266444.0,52538.0,562911.0,46909.0,0.04,2381.0,1876369.0,337065.0
5.0,212028.0,41808.0,447947.0,37329.0,0.03,4087.0,1493158.0,877851.0
6.0,216365.0,42664.0,457109.0,38092.0,0.01,2278.0,1523698.0,1229706.0
7.0,198207.0,39083.0,418748.0,34896.0,0.01,4871.0,1395825.0,1395825.0
8.0,206202.0,40660.0,435638.0,36303.0,0.04,2517.0,1452125.0,349844.0
9.0,277094.0,54638.0,585410.0,48784.0,0.02,4547.0,1951367.0,1104402.0
10.0,252023.0,49695.0,532444.0,44370.0,0.02,2509.0,1774812.0,1097891.0
11.0,254831.0,50248.0,538376.0,44865.0,0.01,2210.0,1794585.0,1021438.0
12.0,142389.0,28077.0,300822.0,25068.0,0.02,3773.0,1002739.0,764352.0
1.0,160660.0,31679.0,339423.0,28285.0,0.02,2566.0,1131409.0,575063.0
2.0,275171.0,54259.0,581347.0,48446.0,0.03,3619.0,1937824.0,804907.0
3.0,224594.0,44286.0,474495.0,39541.0,0.04,4035.0,1581651.0,306630.0
4.0,175924.0,34689.0,371669.0,30972.0,0.02,4883.0,1238898.0,965283.0
5.0,257544.0,50783.0,544107.0,45342.0,0.05,3110.0,1813691.0,104140.0
6.0,235918.0,46519.0,498418.0,41535.0,0.03,2660.0,1661393.0,741191.0
7.0,243041.0,47924.0,513467.0,42789.0,0.01,2044.0,1711557.0,1557888.0
8.0,251518.0,49595.0,531376.0,44281.0,0.04,3619.0,1771252.0,512460.0
9.0,165956.0,32724.0,350611.0,29218.0,0.02,2466.0,1168702.0,410889.0
10.0,184138.0,36309.0,389023.0,32419.0,0.05,3519.0,1296744.0,40022.0
11.0,240504.0,47423.0,508108.0,42342.0,0.05,4770.0,1693693.0,99932.0
12.0,278979.0,55010.0,589393.0,49116.0,0.01,4209.0,1964642.0,1964642.0
1.0,142894.0,28176.0,301888.0,25157.0,0.03,3304.0,1006294.0,328273.0
2.0,158848.0,31322.0,335594.0,27966.0,0.02,4345.0,1118646.0,651206.0
3.0,144257.0,28445.0,304768.0,25397.0,0.05,4545.0,1015894.0,49723.0
4.0,281419.0,55491.0,594548.0,49546.0,0.05,4576.0,1981825.0,109988.0
5.0,201608.0,39754.0,425932.0,35494.0,0.03,4155.0,1419772.0,681201.0
6.0,195528.0,38555.0,413087.0,34424.0,0.04,2161.0,1376957.0,285591.0
7.0,179612.0,35416.0,379461.0,31622.0,0.04,4432.0,1264871.0,392299.0
8.0,190041.0,37473.0,401496.0,33458.0,0.04,2788.0,1338320.0,371914.0
9.0,260171.0,51301.0,549658.0,45805.0,0.03,2511.0,1832193.0,763078.0
10.0,192413.0,37941.0,406507.0,33876.0,0.01,2925.0,1355023.0,911534.0
11.0,154830.0,30530.0,327105.0,27259.0,0.04,3306.0,1090351.0,275180.0
12.0,283528.0,55907.0,599004.0,49917.0,0.02,4900.0,1996679.0,1321009.0
1.0,201800.0,39792.0,426339.0,35528.0,0.05,4154.0,1421129.0,80131.0
2.0,229468.0,45247.0,484791.0,40399.0,0.02,3711.0,1615970.0,1192739.0
3.0,262916.0,51843.0,555456.0,46288.0,0.04,2509.0,1851519.0,437970.0
4.0,172086.0,33932.0,363562.0,30297.0,0.02,4136.0,1211874.0,893428.0
5.0,181467.0,35782.0,383380.0,31948.0,0.04,2801.0,1277934.0,386613.0
6.0,244581.0,48227.0,516721.0,43060.0,0.02,3716.0,1722404.0,1426965.0
7.0,187963.0,37063.0,397106.0,33092.0,0.04,4511.0,1323686.0,339559.0
8.0,266125.0,52475.0,562235.0,46853.0,0.01,2738.0,1874118.0,1874118.0
9.0,160248.0,31598.0,338552.0,28213.0,0.02,3971.0,1128508.0,674181.0
10.0,190343.0,37532.0,402132.0,33511.0,0.05,2716.0,1340441.0,34130.0
11.0,202322.0,39895.0,427442.0,35620.0,0.02,2675.0,1424805.0,645357.0
12.0,244208.0,48154.0,515933.0,42994.0,0.02,4405.0,1719778.0,1297959.0
1.0,209612.0,41332.0,442842.0,36903.0,0.02,3574.0,1476139.0,513955.0
2.0,261056.0,51476.0,551526.0,45961.0,0.04,2562.0,1838421.0,404809.0
3.0,147870.0,29157.0,312401.0,26033.0,0.02,3234.0,1041338.0,666271.0
4.0,172949.0,34103.0,365386.0,30449.0,0.04,2141.0,1217953.0,202861.0
5.0,181600.0,35808.0,383662.0,31972.0,0.03,2340.0,1278875.0,514320.0
6.0,256339.0,50546.0,541561.0,45130.0,0.02,4770.0,1805202.0,1303307.0
7.0,212206.0,41843.0,448323.0,37360.0,0.03,4563.0,1494410.0,879277.0
8.0,178430.0,35183.0,376965.0,31414.0,0.05,2284.0,1256551.0,61352.0
9.0,156631.0,30885.0,330911.0,27576.0,0.03,4866.0,1103036.0,592678.0
10.0,206345.0,40688.0,435940.0,36328.0,0.04,4666.0,1453135.0,292323.0
11.0,181124.0,35715.0,382657.0,31888.0,0.02,2367.0,1275523.0,831134.0
12.0,265215.0,52296.0,560314.0,46693.0,0.01,3454.0,1867712.0,1867712.0
1.0,279672.0,55147.0,590857.0,49238.0,0.02,2391.0,1969522.0,767830.0
2.0,230307.0,45413.0,486563.0,40547.0,0.02,2194.0,1621878.0,648020.0
3.0,150175.0,29612.0,317271.0,26439.0,0.04,2961.0,1057571.0,234178.0
4.0,235940.0,46523.0,498466.0,41539.0,0.02,4129.0,1661552.0,1018420.0
5.0,273574.0,53944.0,577974.0,48164.0,0.03,3359.0,1926579.0,875679.0
6.0,200437.0,39523.0,423458.0,35288.0,0.04,4205.0,1411528.0,479526.0
7.0,180483.0,35588.0,381302.0,31775.0,0.03,4771.0,1271005.0,603265.0
8.0,238364.0,47001.0,503586.0,41966.0,0.03,2633.0,1678620.0,881857.0
9.0,190640.0,37591.0,402761.0,33563.0,0.05,2880.0,1342538.0,38930.0
10.0,202178.0,39866.0,427136.0,35595.0,0.04,3416.0,1423786.0,305294.0
11.0,234023.0,46145.0,494414.0,41201.0,0.03,4403.0,1648046.0,819260.0
12.0,144788.0,28550.0,305890.0,25491.0,0.02,3760.0,1019635.0,732391.0
1.0,165081.0,32551.0,348763.0,29064.0,0.04,4356.0,1162543.0,258538.0
2.0,262331.0,51727.0,554219.0,46185.0,0.05,3933.0,1847398.0,62029.0
3.0,276136.0,54449.0,583386.0,48616.0,0.02,4528.0,1944621.0,1568498.0
4.0,274134.0,54055.0,579157.0,48263.0,0.04,3597.0,1930524.0,352455.0
5.0,277615.0,54741.0,586511.0,48876.0,0.03,3001.0,1955037.0,1054010.0
6.0,277124.0,54644.0,585473.0,48789.0,0.04,2690.0,1951577.0,457835.0
7.0,273454.0,53921.0,577720.0,48143.0,0.04,4861.0,1925735.0,488354.0
8.0,166113.0,32755.0,350943.0,29245.0,0.05,4240.0,1169810.0,65375.0
9.0,228691.0,45094.0,483151.0,40263.0,0.04,2757.0,1610502.0,341264.0
10.0,232624.0,45869.0,491458.0,40955.0,0.04,3783.0,1638194.0,305356.0
11.0,152709.0,30112.0,322624.0,26885.0,0.04,3722.0,1075415.0,239776.0
12.0,277425.0,54704.0,586109.0,48842.0,0.02,3431.0,1953697.0,1563331.0
1.0,208040.0,41022.0,439520.0,36627.0,0.05,2614.0,1465068.0,44382.0
2.0,251087.0,49510.0,530465.0,44205.0,0.02,4749.0,1768217.0,1114544.0
3.0,174297.0,34368.0,368233.0,30686.0,0.01,4037.0,1227444.0,733802.0
4.0,228298.0,45016.0,482319.0,40193.0,0.02,2175.0,1607730.0,697308.0
5.0,176952.0,34892.0,373843.0,31154.0,0.02,2296.0,1246142.0,767692.0
6.0,254555.0,50194.0,537793.0,44816.0,0.01,4114.0,1792642.0,1792642.0
7.0,153684.0,30304.0,324684.0,27057.0,0.03,2310.0,1082280.0,411034.0
8.0,245179.0,48345.0,517985.0,43165.0,0.05,4229.0,1726616.0,121167.0
9.0,180168.0,35526.0,380636.0,31720.0,0.03,4180.0,1268787.0,556722.0
10.0,207639.0,40943.0,438674.0,36556.0,0.03,4445.0,1462247.0,735948.0
11.0,166788.0,32888.0,352370.0,29364.0,0.02,4748.0,1174565.0,581243.0
12.0,148416.0,29265.0,313556.0,26130.0,0.03,4966.0,1045185.0,579790.0
1.0,222313.0,43836.0,469676.0,39140.0,0.01,3847.0,1565585.0,1111559.0
2.0,160166.0,31582.0,338379.0,28198.0,0.01,2350.0,1127930.0,554164.0
3.0,217228.0,42834.0,458932.0,38244.0,0.04,4569.0,1529774.0,470738.0
4.0,257519.0,50778.0,544053.0,45338.0,0.03,3504.0,1813511.0,438899.0
5.0,166700.0,32870.0,352184.0,29349.0,0.03,4971.0,1173945.0,582191.0
6.0,176677.0,34838.0,373262.0,31105.0,0.01,3852.0,1244206.0,1147711.0
7.0,144653.0,28523.0,305605.0,25467.0,0.02,3046.0,1018684.0,580940.0
8.0,175557.0,34617.0,370896.0,30908.0,0.02,3882.0,1236320.0,898916.0
9.0,275450.0,54314.0,581938.0,48495.0,0.02,3999.0,1939792.0,901557.0
10.0,266089.0,52468.0,562160.0,46847.0,0.02,2283.0,1873866.0,696761.0
11.0,171479.0,33813.0,362279.0,30190.0,0.05,2851.0,1207597.0,31750.0
12.0,217667.0,42920.0,459860.0,38322.0,0.04,4405.0,1532866.0,452722.0
1.0,159425.0,31436.0,336814.0,28068.0,0.05,4778.0,1122714.0,39552.0
2.0,225267.0,44419.0,475917.0,39660.0,0.03,2002.0,1586389.0,588932.0
3.0,259894.0,51247.0,549072.0,45756.0,0.05,2937.0,1830240.0,66009.0
4.0,215502.0,42493.0,455286.0,37941.0,0.04,3424.0,1517621.0,402327.0
5.0,275934.0,54409.0,582959.0,48580.0,0.04,2199.0,1943196.0,459105.0
6.0,150459.0,29668.0,317870.0,26489.0,0.03,4691.0,1059568.0,528907.0
7.0,197268.0,38898.0,416764.0,34730.0,0.04,2815.0,1389214.0,401936.0
8.0,211910.0,41785.0,447697.0,37308.0,0.04,4241.0,1492322.0,377311.0
9.0,234738.0,46286.0,495926.0,41327.0,0.04,3344.0,1653086.0,250701.0
10.0,149938.0,29565.0,316771.0,26398.0,0.05,3865.0,1055903.0,45238.0
11.0,249364.0,49170.0,526826.0,43902.0,0.02,4019.0,1756086.0,763147.0
12.0,149092.0,29398.0,314983.0,26249.0,0.05,4679.0,1049942.0,61682.0
1.0,179890.0,35471.0,380050.0,31671.0,0.01,4544.0,1266833.0,1266833.0
2.0,243604.0,48035.0,514656.0,42888.0,0.02,3291.0,1715519.0,942934.0
3.0,150168.0,29611.0,317256.0,26438.0,0.01,3469.0,1057520.0,1020526.0
4.0,258477.0,50967.0,546078.0,45506.0,0.01,3683.0,1820260.0,1032867.0
5.0,195607.0,38570.0,413255.0,34438.0,0.01,2141.0,1377516.0,1232634.0
6.0,256802.0,50637.0,542539.0,45212.0,0.02,2766.0,1808463.0,1011668.0
7.0,198484.0,39138.0,419332.0,34944.0,0.04,2770.0,1397775.0,310734.0
8.0,238369.0,47002.0,503597.0,41966.0,0.02,3615.0,1678657.0,1061380.0
9.0,270044.0,53248.0,570514.0,47543.0,0.04,4792.0,1901715.0,308981.0
10.0,250664.0,49427.0,529572.0,44131.0,0.04,4495.0,1765241.0,484042.0
11.0,206280.0,40675.0,435802.0,36317.0,0.02,3582.0,1452673.0,624255.0
12.0,184747.0,36429.0,390310.0,32526.0,0.01,3564.0,1301033.0,1185781.0
1.0,205968.0,40613.0,435143.0,36262.0,0.02,3351.0,1450477.0,480430.0
2.0,255450.0,50370.0,539683.0,44974.0,0.02,2154.0,1798943.0,565917.0
3.0,184139.0,36309.0,389026.0,32419.0,0.03,3617.0,1296755.0,559257.0
4.0,144945.0,28581.0,306223.0,25519.0,0.03,3702.0,1020742.0,387559.0
5.0,165330.0,32600.0,349289.0,29107.0,0.01,2448.0,1164297.0,1117243.0
6.0,187937.0,37058.0,397049.0,33087.0,0.01,3861.0,1323498.0,1121469.0
7.0,226544.0,44671.0,478614.0,39884.0,0.04,4464.0,1595380.0,402052.0
8.0,230529.0,45457.0,487034.0,40586.0,0.02,3423.0,1623447.0,1280668.0
9.0,155900.0,30741.0,329366.0,27447.0,0.02,3329.0,1097885.0,416507.0
10.0,165854.0,32704.0,350396.0,29200.0,0.05,4128.0,1167985.0,65150.0
11.0,254805.0,50243.0,538321.0,44860.0,0.02,2627.0,1794403.0,720142.0
12.0,166230.0,32778.0,351190.0,29266.0,0.04,4422.0,1170633.0,381590.0
1.0,209537.0,41317.0,442683.0,36890.0,0.05,3577.0,1475610.0,53170.0
2.0,242740.0,47864.0,512830.0,42736.0,0.04,3686.0,1709434.0,409340.0
3.0,254051.0,50095.0,536728.0,44727.0,0.01,2189.0,1789095.0,856757.0
4.0,202363.0,39903.0,427528.0,35627.0,0.03,2746.0,1425094.0,629323.0
5.0,239827.0,47290.0,506677.0,42223.0,0.03,3509.0,1688922.0,827151.0
6.0,150644.0,29705.0,318263.0,26522.0,0.03,4254.0,1060876.0,610443.0
7.0,245661.0,48440.0,519002.0,43250.0,0.03,4623.0,1730008.0,1054450.0
8.0,207292.0,40874.0,437940.0,36495.0,0.05,2523.0,1459800.0,69228.0
9.0,192728.0,38003.0,407171.0,33931.0,0.01,2237.0,1357237.0,1089694.0
10.0,143143.0,28225.0,302414.0,25201.0,0.03,3689.0,1008047.0,451638.0
11.0,210279.0,41464.0,444252.0,37021.0,0.03,2935.0,1480840.0,562067.0
12.0,214352.0,42267.0,452857.0,37738.0,0.04,4722.0,1509523.0,387599.0
1.0,216030.0,42597.0,456401.0,38033.0,0.01,4468.0,1521337.0,872137.0
2.0,192644.0,37986.0,406994.0,33916.0,0.04,3406.0,1356646.0,297533.0
3.0,223495.0,44069.0,472172.0,39348.0,0.02,3866.0,1573905.0,1044450.0
4.0,233473.0,46037.0,493252.0,41104.0,0.01,2227.0,1644175.0,725616.0
5.0,180752.0,35641.0,381870.0,31822.0,0.04,2572.0,1272899.0,381692.0
6.0,189659.0,37398.0,400688.0,33391.0,0.01,3195.0,1335625.0,1335625.0
7.0,175720.0,34649.0,371239.0,30937.0,0.04,4643.0,1237463.0,366692.0
8.0,175892.0,34683.0,371602.0,30967.0,0.01,4582.0,1238673.0,1091524.0
9.0,142600.0,28118.0,301267.0,25106.0,0.04,3815.0,1004223.0,185321.0
10.0,162018.0,31947.0,342291.0,28524.0,0.04,4231.0,1140970.0,274224.0
11.0,229553.0,45264.0,484972.0,40414.0,0.02,2150.0,1616573.0,1084044.0
12.0,145357.0,28662.0,307092.0,25591.0,0.05,2200.0,1023640.0,62436.0
1.0,173659.0,34243.0,366886.0,30574.0,0.05,2248.0,1222954.0,36071.0
2.0,161961.0,31936.0,342170.0,28514.0,0.02,3240.0,1140568.0,679282.0
3.0,214724.0,42340.0,453643.0,37804.0,0.04,2838.0,1512142.0,226367.0
4.0,173396.0,34191.0,366330.0,30527.0,0.03,2868.0,1221099.0,360607.0
5.0,200407.0,39517.0,423395.0,35283.0,0.03,4421.0,1411317.0,703248.0
6.0,151337.0,29841.0,319726.0,26644.0,0.04,4763.0,1065754.0,328671.0
7.0,203627.0,40152.0,430198.0,35850.0,0.05,3744.0,1433995.0,79349.0
8.0,206704.0,40758.0,436698.0,36392.0,0.04,3754.0,1455660.0,387871.0
9.0,239762.0,47277.0,506540.0,42212.0,0.03,4008.0,1688465.0,818244.0
10.0,207650.0,40945.0,438697.0,36558.0,0.03,4718.0,1462324.0,489307.0
11.0,194106.0,38274.0,410083.0,34174.0,0.03,4671.0,1366943.0,598758.0
12.0,216458.0,42682.0,457306.0,38109.0,0.04,2586.0,1524353.0,379697.0
1.0,193013.0,38059.0,407774.0,33981.0,0.03,2374.0,1359248.0,606135.0
2.0,190062.0,37477.0,401539.0,33462.0,0.03,3518.0,1338463.0,574318.0
3.0,265557.0,52363.0,561035.0,46753.0,0.01,2210.0,1870117.0,1286611.0
4.0,163609.0,32261.0,345653.0,28804.0,0.03,2459.0,1152177.0,514636.0
5.0,176779.0,34858.0,373477.0,31123.0,0.03,3714.0,1244923.0,552001.0
6.0,236771.0,46687.0,500220.0,41685.0,0.02,2737.0,1667400.0,1137984.0
7.0,262728.0,51806.0,555059.0,46255.0,0.03,3049.0,1850198.0,755521.0
8.0,202511.0,39932.0,427840.0,35653.0,0.01,3724.0,1426132.0,1426132.0
9.0,172564.0,34027.0,364572.0,30381.0,0.03,3587.0,1215241.0,589968.0
10.0,255807.0,50441.0,540438.0,45037.0,0.02,2950.0,1801461.0,889844.0
11.0,276201.0,54462.0,583522.0,48627.0,0.04,3953.0,1945075.0,375250.0
12.0,175384.0,34583.0,370530.0,30878.0,0.04,3487.0,1235101.0,330323.0
1.0,186834.0,36840.0,394719.0,32893.0,0.04,2222.0,1315730.0,186154.0
2.0,218874.0,43158.0,462410.0,38534.0,0.01,3226.0,1541365.0,807475.0
3.0,208758.0,41164.0,441038.0,36753.0,0.01,2917.0,1470127.0,1128372.0
4.0,216573.0,42705.0,457550.0,38129.0,0.03,2911.0,1525165.0,541255.0
5.0,170699.0,33659.0,360632.0,30053.0,0.03,2937.0,1202106.0,547437.0
6.0,156203.0,30801.0,330007.0,27501.0,0.02,2741.0,1100022.0,846615.0
7.0,192564.0,37970.0,406824.0,33902.0,0.05,2040.0,1356081.0,79071.0
8.0,250059.0,49307.0,528294.0,44024.0,0.01,3938.0,1760980.0,1760980.0
9.0,245101.0,48330.0,517820.0,43152.0,0.04,2135.0,1726065.0,338933.0
10.0,280609.0,55331.0,592835.0,49403.0,0.02,3694.0,1976118.0,909098.0
11.0,237941.0,46918.0,502692.0,41891.0,0.05,4999.0,1675639.0,66070.0
12.0,175294.0,34565.0,370340.0,30862.0,0.04,3248.0,1234466.0,329332.0
1.0,187560.0,36984.0,396254.0,33021.0,0.03,2250.0,1320846.0,452165.0
2.0,254278.0,50139.0,537206.0,44767.0,0.02,3915.0,1790687.0,1287449.0
3.0,225382.0,44442.0,476160.0,39680.0,0.04,4890.0,1587200.0,316151.0
4.0,213011.0,42002.0,450024.0,37502.0,0.02,3855.0,1500080.0,872750.0
5.0,178036.0,35106.0,376132.0,31344.0,0.02,3684.0,1253774.0,860534.0
6.0,150191.0,29615.0,317305.0,26442.0,0.03,2501.0,1057683.0,523081.0
7.0,144954.0,28582.0,306241.0,25520.0,0.03,3659.0,1020803.0,569535.0
8.0,208197.0,41053.0,439852.0,36654.0,0.02,3903.0,1466173.0,993160.0
9.0,170609.0,33641.0,360442.0,30037.0,0.04,3936.0,1201473.0,273987.0
10.0,213943.0,42186.0,451993.0,37666.0,0.03,4187.0,1506643.0,409211.0
11.0,219404.0,43263.0,463530.0,38628.0,0.01,3672.0,1545101.0,1127508.0
12.0,155001.0,30564.0,327468.0,27289.0,0.01,4245.0,1091559.0,913331.0
1.0,144424.0,28478.0,305120.0,25427.0,0.04,4631.0,1017067.0,176539.0
2.0,254791.0,50241.0,538291.0,44858.0,0.02,2294.0,1794304.0,903434.0
3.0,144285.0,28451.0,304827.0,25402.0,0.04,2662.0,1016090.0,188174.0
4.0,257290.0,50733.0,543571.0,45298.0,0.05,4403.0,1811904.0,62255.0
5.0,155316.0,30626.0,328133.0,27344.0,0.01,4439.0,1093777.0,1093777.0
6.0,229128.0,45180.0,484073.0,40339.0,0.01,2088.0,1613577.0,1172163.0
7.0,253630.0,50012.0,535839.0,44653.0,0.01,3088.0,1786129.0,1597325.0
8.0,176239.0,34751.0,372336.0,31028.0,0.03,2160.0,1241119.0,548275.0
9.0,145459.0,28682.0,307308.0,25609.0,0.03,4407.0,1024359.0,396067.0
10.0,149719.0,29522.0,316307.0,26359.0,0.04,4771.0,1054357.0,280197.0
11.0,142770.0,28152.0,301626.0,25136.0,0.02,3931.0,1005420.0,371457.0
12.0,273670.0,53963.0,578175.0,48181.0,0.03,4868.0,1927251.0,881990.0
1.0,265082.0,52270.0,560033.0,46669.0,0.05,4889.0,1866776.0,110184.0
2.0,263211.0,51901.0,556079.0,46340.0,0.05,3960.0,1853597.0,80393.0
3.0,279964.0,55204.0,591473.0,49289.0,0.05,3118.0,1971578.0,68692.0
4.0,249101.0,49118.0,526269.0,43856.0,0.03,2542.0,1754229.0,531827.0
5.0,167172.0,32963.0,353180.0,29432.0,0.02,2825.0,1177266.0,809032.0
6.0,225659.0,44496.0,476745.0,39729.0,0.04,3200.0,1589150.0,477330.0
7.0,270533.0,53345.0,571549.0,47629.0,0.04,3718.0,1905162.0,493798.0
8.0,177125.0,34926.0,374208.0,31184.0,0.04,4001.0,1247359.0,352187.0
9.0,155741.0,30709.0,329030.0,27419.0,0.05,2942.0,1096765.0,28785.0
10.0,277595.0,54737.0,586468.0,48872.0,0.03,4771.0,1954894.0,637765.0
11.0,218693.0,43123.0,462027.0,38502.0,0.04,4479.0,1540090.0,256609.0
12.0,244869.0,48284.0,517330.0,43111.0,0.02,4027.0,1724432.0,1164144.0
1.0,167789.0,33085.0,354483.0,29540.0,0.01,4036.0,1181611.0,856070.0
2.0,257442.0,50763.0,543892.0,45324.0,0.03,3205.0,1812973.0,504730.0
3.0,235343.0,46406.0,497203.0,41434.0,0.01,4973.0,1657343.0,850249.0
4.0,276009.0,54424.0,583117.0,48593.0,0.05,4892.0,1943722.0,126637.0
5.0,157044.0,30966.0,331784.0,27649.0,0.01,3013.0,1105946.0,888228.0
6.0,192792.0,38015.0,407308.0,33942.0,0.02,3791.0,1357693.0,871281.0
7.0,226066.0,44576.0,477603.0,39800.0,0.05,2748.0,1592011.0,89220.0
8.0,162568.0,32056.0,343454.0,28621.0,0.03,3823.0,1144848.0,487873.0
9.0,195431.0,38536.0,412883.0,34407.0,0.03,2798.0,1376276.0,452309.0
10.0,245093.0,48328.0,517803.0,43150.0,0.05,2561.0,1726009.0,78068.0
11.0,278389.0,54894.0,588146.0,49012.0,0.03,2586.0,1960485.0,850711.0
12.0,218239.0,43033.0,461068.0,38422.0,0.05,2373.0,1536893.0,66915.0
1.0,188163.0,37103.0,397528.0,33127.0,0.02,3055.0,1325094.0,628053.0
2.0,148111.0,29205.0,312911.0,26076.0,0.04,4661.0,1043037.0,197801.0
3.0,167914.0,33110.0,354747.0,29562.0,0.02,2560.0,1182491.0,457416.0
4.0,212654.0,41932.0,449268.0,37439.0,0.05,3802.0,1497560.0,55725.0
5.0,236272.0,46589.0,499166.0,41597.0,0.05,4413.0,1663885.0,91953.0
6.0,165472.0,32628.0,349588.0,29132.0,0.02,4783.0,1165295.0,1001436.0
7.0,253957.0,50076.0,536528.0,44711.0,0.02,4651.0,1788427.0,1234459.0
8.0,234801.0,46299.0,496058.0,41338.0,0.04,3064.0,1653528.0,484661.0
9.0,235314.0,46400.0,497143.0,41429.0,0.01,3314.0,1657142.0,1426038.0
10.0,282822.0,55768.0,597510.0,49793.0,0.02,3591.0,1991701.0,997116.0
11.0,269417.0,53125.0,569192.0,47433.0,0.03,2615.0,1897305.0,417115.0
12.0,182791.0,36043.0,386178.0,32181.0,0.04,4891.0,1287259.0,378308.0
1.0,244041.0,48121.0,515581.0,42965.0,0.03,4667.0,1718602.0,768786.0
2.0,187965.0,37063.0,397109.0,33092.0,0.03,2393.0,1323696.0,322292.0
3.0,261034.0,51471.0,551480.0,45957.0,0.02,2886.0,1838266.0,1017650.0
4.0,168498.0,33225.0,355982.0,29665.0,0.02,2432.0,1186607.0,723028.0
5.0,227418.0,44843.0,480460.0,40038.0,0.05,4145.0,1601533.0,99436.0
6.0,193313.0,38118.0,408407.0,34034.0,0.02,4960.0,1361358.0,1219913.0
7.0,277828.0,54783.0,586960.0,48913.0,0.03,3385.0,1956532.0,901456.0
8.0,146362.0,28860.0,309216.0,25768.0,0.04,4036.0,1030720.0,316731.0
9.0,213800.0,42158.0,451689.0,37641.0,0.03,4937.0,1505631.0,441360.0
10.0,198810.0,39202.0,420020.0,35002.0,0.02,4909.0,1400067.0,967319.0
11.0,209028.0,41217.0,441608.0,36801.0,0.04,2077.0,1472025.0,236192.0
12.0,280542.0,55318.0,592694.0,49391.0,0.05,3992.0,1975645.0,122416.0
1.0,217831.0,42953.0,460205.0,38350.0,0.03,4093.0,1534018.0,746865.0
2.0,222248.0,43824.0,469538.0,39128.0,0.04,2078.0,1565126.0,354299.0
3.0,169470.0,33417.0,358034.0,29836.0,0.01,4515.0,1193448.0,766050.0
4.0,210133.0,41435.0,443943.0,36995.0,0.05,4129.0,1479811.0,74326.0
5.0,157140.0,30985.0,331986.0,27665.0,0.03,4686.0,1106619.0,561862.0
6.0,194369.0,38326.0,410638.0,34220.0,0.04,4602.0,1368794.0,418594.0
7.0,194706.0,38393.0,411352.0,34279.0,0.01,4742.0,1371172.0,1371172.0
8.0,262208.0,51703.0,553960.0,46163.0,0.02,3746.0,1846534.0,1474708.0
9.0,247897.0,48881.0,523726.0,43644.0,0.03,3620.0,1745755.0,826203.0
10.0,179213.0,35338.0,378620.0,31552.0,0.01,2841.0,1262065.0,584812.0
11.0,171488.0,33815.0,362299.0,30192.0,0.03,3306.0,1207663.0,345990.0
12.0,164792.0,32494.0,348152.0,29013.0,0.03,4157.0,1160508.0,572525.0
1.0,149560.0,29491.0,315972.0,26331.0,0.02,2364.0,1053241.0,599845.0
2.0,228194.0,44996.0,482100.0,40175.0,0.03,3610.0,1607001.0,820339.0
3.0,261940.0,51650.0,553394.0,46116.0,0.04,3204.0,1844647.0,479447.0
4.0,158932.0,31339.0,335771.0,27981.0,0.04,2042.0,1119238.0,234441.0
5.0,257980.0,50869.0,545028.0,45419.0,0.02,2417.0,1816761.0,1040590.0
6.0,264633.0,52181.0,559084.0,46590.0,0.04,2779.0,1863615.0,569804.0
7.0,277284.0,54676.0,585811.0,48818.0,0.05,4170.0,1952704.0,123776.0
8.0,265476.0,52347.0,560865.0,46739.0,0.03,2443.0,1869549.0,845260.0
9.0,144790.0,28550.0,305894.0,25491.0,0.04,3682.0,1019646.0,246629.0
10.0,273555.0,53940.0,577932.0,48161.0,0.03,3868.0,1926441.0,888256.0
11.0,175798.0,34664.0,371404.0,30950.0,0.03,2304.0,1238014.0,479571.0
12.0,183284.0,36140.0,387220.0,32268.0,0.02,3567.0,1290732.0,922822.0
1.0,239002.0,47127.0,504933.0,42078.0,0.02,3987.0,1683110.0,907314.0
2.0,190261.0,37516.0,401960.0,33497.0,0.03,3476.0,1339865.0,592250.0
3.0,163700.0,32279.0,345845.0,28820.0,0.04,4824.0,1152818.0,216377.0
4.0,191863.0,37832.0,405344.0,33779.0,0.03,3385.0,1351148.0,589912.0
5.0,175291.0,34564.0,370333.0,30861.0,0.05,4167.0,1234443.0,74730.0
6.0,191540.0,37769.0,404663.0,33722.0,0.03,3398.0,1348876.0,588344.0
7.0,162644.0,32071.0,343614.0,28634.0,0.04,3653.0,1145380.0,369860.0
8.0,152097.0,29991.0,321331.0,26778.0,0.04,4989.0,1071103.0,370637.0
9.0,251476.0,49587.0,531287.0,44274.0,0.04,4471.0,1770957.0,536171.0
10.0,154486.0,30462.0,326378.0,27198.0,0.02,3623.0,1087927.0,773215.0
11.0,146838.0,28954.0,310221.0,25852.0,0.04,3342.0,1034071.0,191508.0
12.0,234133.0,46167.0,494647.0,41221.0,0.03,3045.0,1648824.0,819032.0
1.0,199392.0,39317.0,421252.0,35104.0,0.05,3958.0,1404172.0,49374.0
2.0,213106.0,42021.0,450224.0,37519.0,0.02,4087.0,1500747.0,1104261.0
3.0,199030.0,39245.0,420485.0,35040.0,0.02,4603.0,1401617.0,609280.0
4.0,226106.0,44584.0,477688.0,39807.0,0.04,3963.0,1592294.0,251799.0
5.0,274150.0,54058.0,579191.0,48266.0,0.03,3329.0,1930637.0,870168.0
6.0,177456.0,34991.0,374906.0,31242.0,0.02,4982.0,1249688.0,1004266.0
7.0,263856.0,52028.0,557443.0,46454.0,0.05,4613.0,1858143.0,134409.0
8.0,199522.0,39342.0,421524.0,35127.0,0.02,3432.0,1405081.0,905975.0
9.0,275615.0,54347.0,582284.0,48524.0,0.03,4692.0,1940948.0,659243.0
10.0,217478.0,42883.0,459461.0,38288.0,0.02,3936.0,1531538.0,1074471.0
11.0,233520.0,46046.0,493352.0,41113.0,0.04,3781.0,1644506.0,336570.0
12.0,143226.0,28242.0,302590.0,25216.0,0.04,2595.0,1008633.0,272989.0
1.0,169592.0,33441.0,358293.0,29858.0,0.04,3021.0,1194311.0,244159.0
2.0,260721.0,51410.0,550819.0,45902.0,0.02,4912.0,1836063.0,1476756.0
3.0,259400.0,51149.0,548027.0,45669.0,0.04,3303.0,1826758.0,422205.0
4.0,262967.0,51853.0,555565.0,46297.0,0.03,3625.0,1851882.0,558419.0
5.0,263199.0,51898.0,556054.0,46338.0,0.04,4456.0,1853515.0,608052.0
6.0,170578.0,33635.0,360377.0,30031.0,0.04,3136.0,1201256.0,289024.0
7.0,259367.0,51143.0,547959.0,45663.0,0.04,4788.0,1826531.0,626501.0
8.0,164001.0,32338.0,346481.0,28873.0,0.04,2345.0,1154937.0,289678.0
9.0,162155.0,31974.0,342580.0,28548.0,0.03,2243.0,1141934.0,363946.0
10.0,145683.0,28726.0,307780.0,25648.0,0.03,3893.0,1025934.0,358370.0
11.0,158618.0,31277.0,335108.0,27926.0,0.03,4192.0,1117026.0,474884.0
12.0,174904.0,34488.0,369516.0,30793.0,0.03,2830.0,1231719.0,602842.0
1.0,201299.0,39693.0,425280.0,35440.0,0.01,3127.0,1417599.0,1118422.0
2.0,168402.0,33206.0,355779.0,29648.0,0.03,4872.0,1185931.0,550187.0
3.0,142011.0,28002.0,300023.0,25002.0,0.04,3789.0,1000078.0,227022.0
4.0,180239.0,35540.0,380787.0,31732.0,0.02,2878.0,1269290.0,748746.0
5.0,242368.0,47791.0,512045.0,42670.0,0.03,3193.0,1706817.0,877787.0
6.0,276164.0,54455.0,583444.0,48620.0,0.04,3031.0,1944814.0,592553.0
7.0,204534.0,40331.0,432114.0,36010.0,0.03,2016.0,1440381.0,742994.0
8.0,275788.0,54381.0,582651.0,48554.0,0.04,3623.0,1942171.0,509382.0
9.0,244076.0,48128.0,515654.0,42971.0,0.01,2154.0,1718845.0,1146060.0
10.0,245737.0,48455.0,519162.0,43264.0,0.05,2854.0,1730540.0,81115.0
11.0,227740.0,44906.0,481140.0,40095.0,0.04,2558.0,1603801.0,200930.0
12.0,211269.0,41659.0,446342.0,37195.0,0.03,2739.0,1487807.0,590601.0
1.0,190996.0,37661.0,403512.0,33626.0,0.04,4151.0,1345039.0,331105.0
2.0,147965.0,29176.0,312602.0,26050.0,0.02,3282.0,1042006.0,469926.0
3.0,225323.0,44430.0,476034.0,39669.0,0.05,2457.0,1586779.0,46385.0
4.0,181089.0,35708.0,382582.0,31882.0,0.02,4922.0,1275272.0,717359.0
5.0,272215.0,53676.0,575103.0,47925.0,0.02,4880.0,1917009.0,1445847.0
6.0,151164.0,29807.0,319360.0,26613.0,0.03,2555.0,1064534.0,566895.0
7.0,226323.0,44627.0,478146.0,39846.0,0.02,2788.0,1593821.0,994405.0
8.0,221080.0,43593.0,467070.0,38922.0,0.01,2278.0,1556900.0,1546745.0
9.0,185727.0,36622.0,392382.0,32698.0,0.04,2876.0,1307939.0,184906.0
10.0,251594.0,49610.0,531538.0,44295.0,0.02,2580.0,1771792.0,988345.0
11.0,208324.0,41078.0,440122.0,36677.0,0.03,4174.0,1467072.0,785202.0
12.0,212448.0,41891.0,448834.0,37403.0,0.03,4886.0,1496114.0,771726.0
1.0,223843.0,44138.0,472907.0,39409.0,0.03,4214.0,1576357.0,543518.0
2.0,193253.0,38106.0,408281.0,34023.0,0.05,3730.0,1360936.0,64472.0
3.0,159932.0,31536.0,337884.0,28157.0,0.05,2240.0,1126281.0,29158.0
4.0,275033.0,54232.0,581056.0,48421.0,0.02,4567.0,1936855.0,1217562.0
5.0,245948.0,48497.0,519608.0,43301.0,0.04,3583.0,1732025.0,480464.0
6.0,279403.0,55094.0,590289.0,49191.0,0.01,2591.0,1967630.0,1908863.0
7.0,158708.0,31295.0,335299.0,27942.0,0.01,4910.0,1117663.0,1117663.0
8.0,251982.0,49687.0,532356.0,44363.0,0.03,3815.0,1774519.0,927545.0
9.0,144891.0,28570.0,306108.0,25509.0,0.02,4604.0,1020360.0,396651.0
10.0,157673.0,31090.0,333111.0,27759.0,0.03,3151.0,1110371.0,271978.0
11.0,258120.0,50897.0,545324.0,45444.0,0.02,2044.0,1817748.0,933665.0
12.0,231379.0,45624.0,488829.0,40736.0,0.02,2384.0,1629430.0,919795.0
1.0,216679.0,42725.0,457773.0,38148.0,0.02,3550.0,1525909.0,903507.0
2.0,237083.0,46749.0,500879.0,41740.0,0.02,3357.0,1669597.0,1196658.0
3.0,277446.0,54708.0,586153.0,48846.0,0.04,4436.0,1953844.0,402709.0
4.0,216482.0,42687.0,457357.0,38113.0,0.05,2829.0,1524523.0,77295.0
5.0,272859.0,53803.0,576462.0,48038.0,0.04,4783.0,1921540.0,614039.0
6.0,152118.0,29995.0,321376.0,26781.0,0.05,2065.0,1071252.0,49955.0
7.0,268180.0,52881.0,566578.0,47215.0,0.04,4674.0,1888593.0,608079.0
8.0,213655.0,42129.0,451383.0,37615.0,0.02,4022.0,1504611.0,1190575.0
9.0,218326.0,43050.0,461252.0,38438.0,0.02,3848.0,1537507.0,626467.0
10.0,178254.0,35149.0,376592.0,31383.0,0.05,2093.0,1255307.0,37710.0
11.0,164025.0,32343.0,346531.0,28878.0,0.04,4416.0,1155103.0,255415.0
12.0,260256.0,51318.0,549836.0,45820.0,0.03,4944.0,1832786.0,891762.0
1.0,153030.0,30175.0,323303.0,26942.0,0.04,3356.0,1077678.0,143359.0
2.0,160024.0,31554.0,338079.0,28173.0,0.03,4500.0,1126929.0,528345.0
3.0,224028.0,44175.0,473299.0,39442.0,0.03,4926.0,1577662.0,736607.0
4.0,229695.0,45292.0,485270.0,40439.0,0.03,3594.0,1617567.0,395668.0
5.0,165072.0,32549.0,348743.0,29062.0,0.04,2265.0,1162478.0,313837.0
6.0,224329.0,44234.0,473935.0,39495.0,0.01,2144.0,1579782.0,1270896.0
7.0,282442.0,55693.0,596709.0,49726.0,0.03,2636.0,1989029.0,772830.0
8.0,191866.0,37833.0,405351.0,33779.0,0.02,2393.0,1351171.0,1004098.0
9.0,222396.0,43853.0,469850.0,39154.0,0.04,3837.0,1566168.0,327256.0
10.0,271017.0,53440.0,572571.0,47714.0,0.02,2651.0,1908571.0,983494.0
11.0,264728.0,52200.0,559284.0,46607.0,0.04,4418.0,1864279.0,404851.0
12.0,174837.0,34475.0,369375.0,30781.0,0.04,2593.0,1231250.0,289399.0
1.0,155630.0,30688.0,328796.0,27400.0,0.02,2059.0,1095985.0,670476.0
2.0,246982.0,48701.0,521793.0,43483.0,0.04,2888.0,1739310.0,302083.0
3.0,211527.0,41709.0,446887.0,37241.0,0.05,4351.0,1489624.0,56559.0
4.0,167620.0,33052.0,354128.0,29511.0,0.04,3409.0,1180425.0,199686.0
5.0,223645.0,44099.0,472490.0,39374.0,0.03,3552.0,1574965.0,907184.0
6.0,276966.0,54613.0,585139.0,48762.0,0.03,4355.0,1950464.0,1110371.0
7.0,242370.0,47791.0,512049.0,42671.0,0.02,2714.0,1706830.0,1208543.0
8.0,254385.0,50160.0,537433.0,44786.0,0.04,2451.0,1791442.0,487427.0
9.0,224159.0,44200.0,473574.0,39465.0,0.03,2031.0,1578581.0,693182.0
10.0,221279.0,43632.0,467490.0,38958.0,0.03,3200.0,1558301.0,457357.0
11.0,172106.0,33936.0,363605.0,30300.0,0.04,3387.0,1212017.0,245789.0
12.0,249838.0,49264.0,527826.0,43986.0,0.03,4465.0,1759421.0,772189.0
1.0,157970.0,31149.0,333739.0,27812.0,0.01,3380.0,1112463.0,541650.0
2.0,236910.0,46715.0,500513.0,41709.0,0.02,2684.0,1668377.0,766634.0
3.0,179686.0,35431.0,379619.0,31635.0,0.03,3769.0,1265396.0,616945.0
4.0,252441.0,49777.0,533327.0,44444.0,0.01,2183.0,1777757.0,1232657.0
5.0,272222.0,53678.0,575116.0,47926.0,0.01,3279.0,1917055.0,1917055.0
6.0,203885.0,40203.0,430742.0,35895.0,0.02,4570.0,1435808.0,1058511.0
7.0,278257.0,54868.0,587866.0,48989.0,0.04,4055.0,1959555.0,590312.0
8.0,231937.0,45734.0,490009.0,40834.0,0.04,2121.0,1633362.0,423497.0
9.0,222540.0,43881.0,470155.0,39180.0,0.03,2302.0,1567182.0,556934.0
10.0,208642.0,41141.0,440792.0,36733.0,0.04,3774.0,1469308.0,224481.0
11.0,205626.0,40546.0,434421.0,36202.0,0.02,2753.0,1448069.0,932800.0
12.0,242315.0,47781.0,511934.0,42661.0,0.04,4388.0,1706447.0,551849.0
1.0,169137.0,33351.0,357333.0,29778.0,0.02,4654.0,1191109.0,809206.0
2.0,181681.0,35824.0,383834.0,31986.0,0.05,3683.0,1279446.0,45210.0
3.0,167101.0,32949.0,353030.0,29419.0,0.01,3199.0,1176767.0,1036475.0
4.0,199636.0,39365.0,421766.0,35147.0,0.02,4250.0,1405887.0,672722.0
5.0,172633.0,34040.0,364717.0,30393.0,0.05,4078.0,1215724.0,63455.0
6.0,186436.0,36762.0,393880.0,32823.0,0.04,3344.0,1312932.0,363635.0
7.0,214862.0,42367.0,453933.0,37828.0,0.02,2911.0,1513110.0,937260.0
8.0,258190.0,50911.0,545471.0,45456.0,0.02,4528.0,1818236.0,1297179.0
9.0,267135.0,52675.0,564370.0,47031.0,0.02,3252.0,1881235.0,936001.0
10.0,225258.0,44417.0,475898.0,39658.0,0.04,2072.0,1586325.0,380184.0
11.0,220221.0,43424.0,465255.0,38771.0,0.03,4607.0,1550851.0,550855.0
12.0,179387.0,35372.0,378986.0,31582.0,0.04,4247.0,1263286.0,345958.0
1.0,257196.0,50715.0,543371.0,45281.0,0.02,3091.0,1811237.0,843190.0
2.0,278472.0,54910.0,588320.0,49027.0,0.04,3606.0,1961068.0,270562.0
3.0,249114.0,49121.0,526297.0,43858.0,0.03,4220.0,1754323.0,780152.0
4.0,212092.0,41821.0,448082.0,37340.0,0.02,3456.0,1493606.0,855673.0
5.0,161690.0,31883.0,341599.0,28467.0,0.02,3716.0,1138664.0,773891.0
6.0,239877.0,47300.0,506782.0,42232.0,0.04,3341.0,1689273.0,409409.0
7.0,214576.0,42311.0,453330.0,37778.0,0.01,3682.0,1511100.0,1377303.0
8.0,250708.0,49435.0,529664.0,44139.0,0.03,4992.0,1765548.0,846654.0
9.0,193040.0,38064.0,407830.0,33986.0,0.04,4980.0,1359435.0,247393.0
10.0,267229.0,52693.0,564568.0,47047.0,0.01,4211.0,1881894.0,1078182.0
11.0,145730.0,28736.0,307880.0,25657.0,0.01,3814.0,1026268.0,727869.0
12.0,160696.0,31686.0,339498.0,28291.0,0.02,2345.0,1131659.0,657720.0
1.0,265910.0,52433.0,561782.0,46815.0,0.03,4880.0,1872608.0,1061281.0
2.0,233969.0,46135.0,494301.0,41192.0,0.02,4287.0,1647671.0,860686.0
3.0,280155.0,55242.0,591878.0,49323.0,0.05,3027.0,1972926.0,78409.0
4.0,217931.0,42972.0,460417.0,38368.0,0.01,2461.0,1534722.0,1287793.0
5.0,176476.0,34798.0,372837.0,31070.0,0.02,3450.0,1242789.0,738459.0
6.0,238061.0,46942.0,502946.0,41912.0,0.05,3827.0,1676485.0,97882.0
7.0,155440.0,30650.0,328395.0,27366.0,0.04,3580.0,1094651.0,300084.0
8.0,273391.0,53908.0,577586.0,48132.0,0.03,2831.0,1925287.0,947516.0
9.0,273701.0,53969.0,578242.0,48187.0,0.02,4838.0,1927473.0,1013685.0
10.0,259528.0,51175.0,548299.0,45692.0,0.02,3223.0,1827662.0,1095754.0
11.0,252155.0,49721.0,532721.0,44393.0,0.04,4423.0,1775737.0,323640.0
12.0,238791.0,47086.0,504488.0,42041.0,0.02,4737.0,1681626.0,1420175.0
1.0,194848.0,38421.0,411650.0,34304.0,0.01,3940.0,1372166.0,1233396.0
2.0,152638.0,30098.0,322475.0,26873.0,0.03,2858.0,1074917.0,394902.0
3.0,278963.0,55007.0,589358.0,49113.0,0.02,3890.0,1964528.0,701357.0
4.0,249634.0,49224.0,527396.0,43950.0,0.04,4707.0,1757986.0,431235.0
5.0,185166.0,36512.0,391195.0,32600.0,0.04,4363.0,1303984.0,446789.0
6.0,277893.0,54796.0,587098.0,48925.0,0.03,2811.0,1956993.0,888917.0
7.0,247292.0,48762.0,522448.0,43537.0,0.05,2796.0,1741494.0,103561.0
8.0,198423.0,39126.0,419204.0,34934.0,0.02,4626.0,1397347.0,1079684.0
9.0,203090.0,40046.0,429062.0,35755.0,0.04,4034.0,1430208.0,227816.0
10.0,253821.0,50049.0,536241.0,44687.0,0.03,2483.0,1787470.0,696222.0
11.0,193332.0,38122.0,408449.0,34037.0,0.01,3156.0,1361496.0,843405.0
12.0,143146.0,28226.0,302422.0,25202.0,0.03,4587.0,1008072.0,514286.0
1.0,222158.0,43806.0,469347.0,39112.0,0.02,2751.0,1564490.0,987235.0
2.0,208459.0,41105.0,440405.0,36700.0,0.04,3396.0,1468018.0,393819.0
3.0,179267.0,35349.0,378734.0,31561.0,0.03,3372.0,1262447.0,626650.0
4.0,161178.0,31781.0,340516.0,28376.0,0.03,2588.0,1135053.0,303920.0
5.0,143251.0,28247.0,302642.0,25220.0,0.01,4035.0,1008807.0,840031.0
6.0,186159.0,36707.0,393294.0,32775.0,0.02,2967.0,1310981.0,828767.0
7.0,228156.0,44988.0,482019.0,40168.0,0.02,3165.0,1606731.0,941938.0
8.0,194025.0,38258.0,409912.0,34159.0,0.01,4324.0,1366373.0,1366373.0
9.0,279196.0,55053.0,589851.0,49154.0,0.05,4502.0,1966169.0,128238.0
10.0,152032.0,29978.0,321194.0,26766.0,0.02,4389.0,1070648.0,448257.0
11.0,187585.0,36989.0,396306.0,33026.0,0.04,2889.0,1321021.0,172201.0
12.0,236448.0,46624.0,499539.0,41628.0,0.04,2946.0,1665130.0,445629.0
1.0,172747.0,34063.0,364958.0,30413.0,0.04,2208.0,1216526.0,151552.0
2.0,165176.0,32570.0,348963.0,29080.0,0.03,4718.0,1163209.0,427668.0
3.0,214497.0,42295.0,453162.0,37764.0,0.04,2235.0,1510540.0,273710.0
4.0,228755.0,45107.0,483286.0,40274.0,0.04,3054.0,1610954.0,435659.0
5.0,168667.0,33258.0,356338.0,29695.0,0.04,3363.0,1187795.0,324184.0
6.0,249540.0,49205.0,527198.0,43933.0,0.04,3911.0,1757325.0,515787.0
7.0,273512.0,53932.0,577842.0,48153.0,0.02,2211.0,1926139.0,1173523.0
8.0,175800.0,34665.0,371409.0,30951.0,0.04,4866.0,1238029.0,333497.0
9.0,232888.0,45922.0,492018.0,41001.0,0.04,2085.0,1640059.0,209280.0
10.0,260806.0,51427.0,550998.0,45917.0,0.03,3179.0,1836661.0,790455.0
11.0,218615.0,43107.0,461862.0,38489.0,0.04,2249.0,1539541.0,238203.0
12.0,209077.0,41226.0,441711.0,36809.0,0.03,4296.0,1472370.0,894268.0
1.0,270043.0,53248.0,570514.0,47543.0,0.04,3775.0,1901714.0,445228.0
2.0,258948.0,51060.0,547074.0,45590.0,0.03,4952.0,1823580.0,850641.0
3.0,253852.0,50055.0,536307.0,44692.0,0.03,3192.0,1787689.0,707829.0
4.0,234415.0,46223.0,495244.0,41270.0,0.02,3050.0,1650813.0,1041836.0
5.0,176354.0,34774.0,372579.0,31048.0,0.02,4082.0,1241930.0,945995.0
6.0,264235.0,52103.0,558243.0,46520.0,0.04,2135.0,1860810.0,489232.0
7.0,276356.0,54493.0,583850.0,48654.0,0.02,4874.0,1946168.0,1770853.0
8.0,163339.0,32208.0,345082.0,28757.0,0.05,3746.0,1150274.0,73066.0
9.0,228387.0,45034.0,482507.0,40209.0,0.03,3811.0,1608357.0,735520.0
10.0,167304.0,32989.0,353458.0,29455.0,0.05,2190.0,1178194.0,33548.0
11.0,259062.0,51083.0,547314.0,45610.0,0.05,2762.0,1824380.0,53451.0
12.0,174377.0,34384.0,368403.0,30700.0,0.04,3087.0,1228010.0,291512.0
1.0,183691.0,36221.0,388080.0,32340.0,0.02,3547.0,1293601.0,665090.0
2.0,211848.0,41773.0,447567.0,37297.0,0.05,2180.0,1491889.0,65162.0
3.0,169342.0,33391.0,357764.0,29814.0,0.02,2574.0,1192546.0,374717.0
4.0,190156.0,37496.0,401738.0,33478.0,0.05,2267.0,1339127.0,65493.0
5.0,232519.0,45849.0,491237.0,40936.0,0.02,3324.0,1637458.0,1270527.0
6.0,216157.0,42623.0,456670.0,38056.0,0.05,2126.0,1522235.0,70553.0
7.0,219837.0,43348.0,464445.0,38704.0,0.03,3597.0,1548149.0,712017.0
8.0,235516.0,46440.0,497570.0,41464.0,0.05,3752.0,1658565.0,87119.0
9.0,169958.0,33513.0,359066.0,29922.0,0.02,2779.0,1196886.0,625711.0
10.0,252285.0,49746.0,532997.0,44416.0,0.04,2624.0,1776656.0,329197.0
11.0,207547.0,40925.0,438479.0,36540.0,0.04,3017.0,1461597.0,280325.0
12.0,216852.0,42760.0,458139.0,38178.0,0.01,3832.0,1527129.0,1356109.0
1.0,248230.0,48947.0,524430.0,43702.0,0.02,3783.0,1748099.0,1007560.0
2.0,162178.0,31979.0,342629.0,28552.0,0.03,2729.0,1142098.0,459035.0
3.0,148339.0,29250.0,313393.0,26116.0,0.03,2845.0,1044643.0,250841.0
4.0,159832.0,31516.0,337673.0,28139.0,0.02,2367.0,1125578.0,466420.0
5.0,226830.0,44727.0,479218.0,39935.0,0.05,2784.0,1597394.0,78597.0
6.0,164978.0,32531.0,348544.0,29045.0,0.03,4592.0,1161815.0,711733.0
7.0,216415.0,42673.0,457214.0,38101.0,0.05,2169.0,1524046.0,78617.0
8.0,273811.0,53991.0,578474.0,48206.0,0.05,3437.0,1928248.0,102480.0
9.0,178840.0,35264.0,377832.0,31486.0,0.03,4813.0,1259439.0,470064.0
10.0,202684.0,39966.0,428205.0,35684.0,0.01,3954.0,1427350.0,756351.0
11.0,215003.0,42395.0,454232.0,37853.0,0.04,2413.0,1514107.0,196737.0
12.0,161311.0,31808.0,340798.0,28400.0,0.03,4847.0,1135993.0,544517.0
1.0,237879.0,46906.0,502561.0,41880.0,0.04,3926.0,1675202.0,318420.0
2.0,191685.0,37797.0,404968.0,33747.0,0.04,3522.0,1349893.0,385864.0
3.0,222463.0,43866.0,469993.0,39166.0,0.04,4103.0,1566642.0,300624.0
4.0,186222.0,36720.0,393426.0,32786.0,0.04,3939.0,1311421.0,262773.0
5.0,162619.0,32066.0,343562.0,28630.0,0.04,4039.0,1145207.0,280822.0
6.0,190800.0,37623.0,403099.0,33592.0,0.04,2613.0,1343664.0,335092.0
7.0,275900.0,54403.0,582888.0,48574.0,0.04,4418.0,1942961.0,596736.0
8.0,143943.0,28383.0,304105.0,25342.0,0.03,4071.0,1013684.0,506677.0
9.0,240760.0,47474.0,508648.0,42387.0,0.04,2291.0,1695494.0,432329.0
10.0,161340.0,31813.0,340859.0,28405.0,0.02,2690.0,1136196.0,425799.0
11.0,222587.0,43890.0,470254.0,39188.0,0.03,4522.0,1567512.0,488331.0
12.0,280441.0,55298.0,592480.0,49373.0,0.04,3401.0,1974934.0,589244.0
1.0,231743.0,45696.0,489598.0,40800.0,0.02,2956.0,1631993.0,863336.0
2.0,279585.0,55129.0,590672.0,49223.0,0.03,4356.0,1968905.0,497983.0
3.0,222940.0,43960.0,470999.0,39250.0,0.02,4978.0,1569997.0,878500.0
4.0,274722.0,54171.0,580399.0,48367.0,0.02,2934.0,1934664.0,1316861.0
5.0,188835.0,37235.0,398946.0,33246.0,0.04,4596.0,1329821.0,393133.0
6.0,150717.0,29719.0,318417.0,26535.0,0.02,3318.0,1061390.0,848487.0
7.0,252812.0,49850.0,534111.0,44509.0,0.04,3596.0,1780369.0,522917.0
8.0,259334.0,51136.0,547888.0,45657.0,0.04,2476.0,1826294.0,421601.0
9.0,167284.0,32986.0,353418.0,29451.0,0.03,2097.0,1178059.0,524987.0
10.0,270678.0,53373.0,571854.0,47655.0,0.03,2622.0,1906181.0,553542.0
11.0,184762.0,36432.0,390342.0,32529.0,0.03,3122.0,1301141.0,518908.0
12.0,161376.0,31821.0,340935.0,28411.0,0.04,4427.0,1136450.0,298043.0
1.0,271746.0,53584.0,574110.0,47843.0,0.03,4133.0,1913701.0,510348.0
2.0,165076.0,32550.0,348753.0,29063.0,0.01,3832.0,1162509.0,851738.0
3.0,177967.0,35092.0,375986.0,31332.0,0.02,3905.0,1253287.0,470139.0
4.0,211632.0,41730.0,447109.0,37259.0,0.02,2752.0,1490363.0,872238.0
5.0,206500.0,40718.0,436268.0,36356.0,0.02,4758.0,1454226.0,1162195.0
6.0,233448.0,46032.0,493200.0,41100.0,0.05,4778.0,1644001.0,120492.0
7.0,146172.0,28823.0,308814.0,25734.0,0.04,3518.0,1029380.0,319275.0
8.0,145804.0,28750.0,308037.0,25670.0,0.05,3414.0,1026791.0,54476.0
9.0,278611.0,54937.0,588616.0,49051.0,0.05,2215.0,1962052.0,102264.0
10.0,213033.0,42007.0,450070.0,37506.0,0.02,3689.0,1500234.0,1038027.0
11.0,264252.0,52106.0,558279.0,46523.0,0.05,2143.0,1860929.0,78492.0
12.0,160372.0,31623.0,338815.0,28235.0,0.02,2110.0,1129382.0,605265.0
1.0,169434.0,33410.0,357960.0,29830.0,0.01,3404.0,1193200.0,909506.0
2.0,154230.0,30411.0,325837.0,27153.0,0.03,2329.0,1086124.0,437745.0
3.0,161547.0,31854.0,341297.0,28441.0,0.02,3732.0,1137656.0,390942.0
4.0,148224.0,29227.0,313150.0,26096.0,0.03,3032.0,1043832.0,237815.0
5.0,184882.0,36456.0,390596.0,32550.0,0.05,3774.0,1301988.0,80354.0
6.0,149252.0,29430.0,315321.0,26277.0,0.04,3071.0,1051071.0,312004.0
7.0,198016.0,39045.0,418344.0,34862.0,0.02,4714.0,1394479.0,936248.0
8.0,142602.0,28119.0,301271.0,25106.0,0.03,2152.0,1004236.0,449554.0
9.0,178904.0,35277.0,377966.0,31497.0,0.04,3975.0,1259887.0,179834.0
10.0,226684.0,44698.0,478911.0,39909.0,0.04,3757.0,1596369.0,320891.0
11.0,223929.0,44155.0,473089.0,39424.0,0.02,4331.0,1576964.0,773536.0
12.0,224395.0,44247.0,474074.0,39506.0,0.04,2196.0,1580248.0,335120.0
1.0,201601.0,39752.0,425918.0,35493.0,0.01,4519.0,1419727.0,774043.0
2.0,235369.0,46411.0,497258.0,41438.0,0.01,2894.0,1657526.0,1172109.0
3.0,283893.0,55979.0,599773.0,49981.0,0.02,2779.0,1999243.0,1205991.0
4.0,275711.0,54366.0,582488.0,48541.0,0.03,4616.0,1941627.0,516720.0
5.0,166989.0,32927.0,352793.0,29399.0,0.03,3175.0,1175977.0,540384.0
6.0,265395.0,52331.0,560693.0,46724.0,0.01,3720.0,1868978.0,1868978.0
7.0,267956.0,52836.0,566104.0,47175.0,0.02,3803.0,1887013.0,1311934.0
8.0,152999.0,30169.0,323238.0,26937.0,0.04,4824.0,1077461.0,370907.0
9.0,199026.0,39245.0,420478.0,35040.0,0.03,4546.0,1401595.0,785650.0
10.0,211957.0,41794.0,447796.0,37316.0,0.02,4179.0,1492655.0,556874.0
11.0,262686.0,51797.0,554969.0,46247.0,0.03,3765.0,1849898.0,869638.0
12.0,276681.0,54557.0,584538.0,48712.0,0.01,3634.0,1948461.0,1507757.0
